insert into class(id, name) VALUES ('1','CST-22-1'),('2','CST-21-3'),('3','BM-19-2'),
                                   ('4','AI-20-5'),('5','ES-20-2');
insert into student(id, age, name, surname, enterUniversity) VALUES
('1',18,'Ivan','Sidorov','2020-09-01 14:50:50.318866'),
('2',19,'Petr','Ivanov','2020-09-01 14:50:50.318866'),
('3',20,'Viktor','Smirnov','2020-09-01 14:50:50.318866'),
('4',21,'Andrey','Morozov','2020-09-01 14:50:50.318866'),
('5',19,'Pavel','Morozuk','2020-09-01 14:50:50.318866'),
('6',17,'Katerina','Malinovskaya','2020-09-01 14:50:50.318866'),
('7',19,'Maria','Kalinina','2020-09-01 14:50:50.318866'),
('8',21,'Tatyana','Smolova','2020-09-01 14:50:50.318866'),
('9',22,'Petr','Morozov','2020-09-01 14:50:50.318866'),
('10',20,'Viktor','Ivanov','2020-09-01 14:50:50.318866'),
('11',18,'Ivan','Morozuk','2019-09-01 14:50:50.318866'),
('12',19,'Tatyana','Smirnova','2021-09-01 14:50:50.318866'),
('13',17,'Katerina','Morozova','2021-09-01 14:50:50.318866'),
('14',19,'Maria','Ivanova','2021-09-01 14:50:50.318866'),
('15',21,'Pavel','Ivanov','2021-09-01 14:50:50.318866'),
('16',22,'Pavel','Sidorov','2021-09-01 14:50:50.318866'),
('17',22,'Katerina','Sidorova','2019-09-01 14:50:50.318866'),
('18',21,'Maria','Smolova','2019-09-01 14:50:50.318866'),
('19',20,'Ivan','Smolov','2018-09-01 14:50:50.318866'),
('20',19,'Viktor','Kalinin','2020-09-01 14:50:50.318866'),
('21',18,'Ivan','Morozuk','2018-09-01 14:50:50.318866'),
('22',17,'Katerina','Malinovskiy','2018-09-01 14:50:50.318866'),
('23',20,'Tatyana','Sidorova','2018-09-01 14:50:50.318866'),
('24',19,'Maria','Morozova','2020-09-01 14:50:50.318866'),
('25',22,'Anna','Morozuk','2021-09-01 14:50:50.318866'),
('26',21,'Soffia','Smolova','2021-09-01 14:50:50.318866'),
('27',20,'Ivan','Ivanov','2022-09-01 14:50:50.318866'),
('28',21,'Ivan','Smirnov','2022-09-01 14:50:50.318866'),
('29',23,'Maria','Kalinina','2022-09-01 14:50:50.318866'),
('30',23,'Petr','Smolov','2022-09-01 14:50:50.318866'),
('31',20,'Viktor','Smirnov','2022-09-01 14:50:50.318866'),
('32',18,'Pavel','Ivanov','2022-09-01 14:50:50.318866');
insert into subject(id, code, name)
VALUES('1',121,'Programing'),('2',251,'Data Analyze'),('3',51,'Machine Learning'),
('4',613,'Mathematics'),('5',789,'Web developing');
insert into teacher(id, age, name, surname, subject_id)
VALUES('1',43,'Ivan','Belov','2'),('2',37,'Viktor','Morozuk','5'),
('3',41,'Maria','Yeremchuk','4'),('4',38,'Tatyana','Lisicina','1'),('5',49,'Pavel','Zabarniy','5');
insert into class_student(class_id, students_id)
VALUES ('1','1'),('1','2'),('1','3'),('1','4'),('1','5'),
       ('1','6'),('1','7'),('1','8'),('5','9'),('4','10'),
       ('2','11'),('2','12'),('2','13'),('5','14'),('4','15'),
       ('2','16'),('2','17'),('2','18'),('2','19'),('2','20'),
       ('3','21'),('3','22'),('3','23'),('3','24'),('3','25'),
       ('4','26'),('4','27'),('4','28'),('4','29'),('4','30'),('5','31'),('5','32');
insert into mark (id, value, student_id, subject_id)
values ('1',94,'1','3'),('2',85,'1','1'),('3',92,'1','2'),('4',89,'1','2'),
       ('5',94,'2','4'),('6',83,'2','5'),('7',95,'2','2'),('8',87,'2','5'),
       ('9',82,'3','1'),('10',75,'3','4'),('11',92,'3','3'),('12',99,'3','5'),
       ('13',84,'4','2'),('14',86,'4','3'),('15',97,'4','4'),('16',94,'4','4'),
       ('17',87,'5','2'),('18',82,'5','5'),('19',96,'5','5'),('20',98,'5','1'),
       ('21',74,'6','3'),('22',83,'6','2'),('23',64,'6','1'),('24',98,'6','4'),
       ('25',71,'7','1'),('26',75,'7','5'),('27',86,'7','2'),('28',83,'7','3'),
       ('29',73,'8','1'),('30',63,'8','5'),('31',76,'8','3'),('32',85,'8','2'),
       ('33',94,'9','4'),('34',68,'9','1'),('35',66,'9','4'),('36',79,'9','1'),
       ('37',89,'10','1'),('38',69,'10','1'),('39',76,'10','2'),('40',89,'10','2'),
       ('41',84,'11','2'),('42',69,'11','5'),('43',72,'11','3'),('44',84,'11','5'),
       ('45',82,'12','3'),('46',75,'12','4'),('47',74,'12','4'),('48',85,'12','2'),
       ('49',72,'13','4'),('50',78,'13','2'),('51',71,'13','4'),('52',82,'13','3'),
       ('53',62,'14','4'),('54',61,'14','3'),('55',66,'14','2'),('56',69,'14','1'),
       ('57',65,'15','3'),('58',87,'15','1'),('59',75,'15','2'),('60',86,'15','5'),
       ('61',67,'16','5'),('62',95,'16','5'),('63',76,'16','3'),('64',72,'16','3'),
       ('65',68,'17','1'),('66',98,'17','1'),('67',86,'17','3'),('68',91,'17','2'),
       ('69',69,'18','2'),('70',92,'18','5'),('71',62,'18','4'),('72',79,'18','1'),
       ('73',62,'19','2'),('74',91,'19','5'),('75',76,'19','5'),('76',91,'19','5'),
       ('77',63,'20','1'),('78',83,'20','2'),('79',65,'20','1'),('80',83,'20','5'),
       ('81',64,'21','1'),('82',95,'21','4'),('83',86,'21','5'),('84',82,'21','3'),
       ('85',65,'22','4'),('86',93,'22','4'),('87',92,'22','2'),('88',81,'22','4'),
       ('91',74,'23','5'),('92',92,'23','2'),('93',73,'23','4'),('94',89,'23','2'),
       ('101',77,'24','1'),('102',65,'24','2'),('103',89,'24','2'),('104',76,'24','1'),
       ('111',87,'25','3'),('112',86,'25','3'),('113',97,'25','3'),('114',87,'25','1');